Week,Top,Artist,Track
1,1,The Weeknd,Blinding Lights
1,2,Tones and I,Dance Monkey
1,3,Angèle,Oui ou non
1,4,Vitaa,Avant toi
1,5,Ne Reviens Pas,Stats
1,6,Maroon 5,Memories
1,7,Vitaa,Ça va ça vient
1,8,Major Lazer,Que Calor
1,9,Soprano,Le coach
1,10,M. Pokora,Tombé
1,11,Dua Lipa,Don't Start Now
1,12,Moulaga,Stats
1,13,Black Eyed Peas,RITMO (Bad Boys For Life)
1,14,Lady Gaga,I'll Never Love Again
1,15,Regard,Ride It
1,16,Sound Of Legend,Sweet Dreams (Are Made of This)
1,17,Clara Luciani,La grenade
1,18,Angèle,Balance ton quoi
1,19,Soprano,A Nos Héros Du Quotidien
1,20,Maître Gims,Reste
1,21,Shaed,Trampoline
1,22,Lady Gaga,Shallow
1,23,Sia,Unstoppable
1,24,Shawn Mendes,Señorita
1,25,Mariah Carey,All I Want For Christmas Is You
1,26,Billie Eilish,Bad Guy
1,27,Les Frangines,Donnez-moi
1,28,Bakermat,Baianá
1,29,Trois Cafés Gourmands,A nos souvenirs
1,30,Gambi,Popopop
1,31,Billie Eilish,everything i wanted
1,32,M. Pokora,Les planètes
1,33,Ava Max,Torn
1,34,Clara Luciani,Ma sœur
1,35,Dadju,Ma vie
1,36,SAINt JHN,Roses
1,37,Aya Nakamura,40%
1,38,Lewis Capaldi,Someone You Loved
1,39,Coldplay,Orphans
1,40,Jean-Louis Aubert,Bien sûr
1,41,Angèle,Tout oublier
1,42,Lady Gaga,Always Remember Us This Way
1,43,Clara Luciani,Nue
1,44,Aya Nakamura,Pookie
1,45,Lil Nas X,Old Town Road
1,46,Maëlle,Toutes les machines ont un coeur
1,47,Jorja Smith,Be Honest
1,48,Christophe Maé,Les Gens
1,49,Turn Me On,Stats
1,50,Angèle,Flou
2,1,The Weeknd,Blinding Lights
2,2,Tones and I,Dance Monkey
2,3,Vitaa,Avant toi
2,4,Ne Reviens Pas,Stats
2,5,Angèle,Oui ou non
2,6,Justin Bieber,Yummy
2,7,Maroon 5,Memories
2,8,Moulaga,Stats
2,9,Vitaa,Ça va ça vient
2,10,Lady Gaga,I'll Never Love Again
2,11,Regard,Ride It
2,12,Dua Lipa,Don't Start Now
2,13,Black Eyed Peas,RITMO (Bad Boys For Life)
2,14,Lady Gaga,Shallow
2,15,Shaed,Trampoline
2,16,Soprano,A Nos Héros Du Quotidien
2,17,Sia,Unstoppable
2,18,M. Pokora,Tombé
2,19,Maître Gims,Reste
2,20,Ava Max,Torn
2,21,Major Lazer,Que Calor
2,22,SAINt JHN,Roses
2,23,Bakermat,Baianá
2,24,Sound Of Legend,Sweet Dreams (Are Made of This)
2,25,Shawn Mendes,Señorita
2,26,Lewis Capaldi,Someone You Loved
2,27,Angèle,Balance ton quoi
2,28,Clara Luciani,Ma sœur
2,29,Soprano,Le coach
2,30,Ginette Reno,Ça Pleure Aussi Un Homme
2,31,Les Frangines,Donnez-moi
2,32,Younha,Winter Flower
2,33,Mylène Farmer,L'instant X
2,34,Billie Eilish,Bad Guy
2,35,Jorja Smith,Be Honest
2,36,Nea,Some Say
2,37,Clara Luciani,La grenade
2,38,Billie Eilish,everything i wanted
2,39,Aya Nakamura,40%
2,40,Dadju,Ma vie
2,41,Gambi,Popopop
2,42,Jean-Louis Aubert,Bien sûr
2,43,Lady Gaga,Always Remember Us This Way
2,44,Lizzo,Good As Hell
2,45,Coldplay,Orphans
2,46,The Avener,You Belong
2,47,Angèle,Tout oublier
2,48,Aya Nakamura,Pookie
2,49,Lil Nas X,Old Town Road
2,50,Lewis Capaldi,Before You Go
3,1,The Weeknd,Blinding Lights
3,2,Tones and I,Dance Monkey
3,3,Vitaa,Avant toi
3,4,Ne Reviens Pas,Stats
3,5,Maroon 5,Memories
3,6,Alicia Keys,Underdog
3,7,Vitaa,Ça va ça vient
3,8,Angèle,Oui ou non
3,9,Dua Lipa,Don't Start Now
3,10,Moulaga,Stats
3,11,Black Eyed Peas,RITMO (Bad Boys For Life)
3,12,Regard,Ride It
3,13,SAINt JHN,Roses
3,14,M. Pokora,Tombé
3,15,Ava Max,Torn
3,16,Lady Gaga,I'll Never Love Again
3,17,Lady Gaga,Shallow
3,18,Antoine Elie,La Rose Et L'armure
3,19,Billie Eilish,Bad Guy
3,20,Maître Gims,Reste
3,21,Sia,Unstoppable
3,22,Justin Bieber,Yummy
3,23,Lil Nas X,Old Town Road
3,24,Vitalic,Waiting For The Stars
3,25,Les Frangines,Donnez-moi
3,26,Shaed,Trampoline
3,27,Selena Gomez,Rare
3,28,Nicky Jam,Muévelo
3,29,Soprano,A Nos Héros Du Quotidien
3,30,Nea,Some Say
3,31,Bakermat,Baianá
3,32,Lewis Capaldi,Someone You Loved
3,33,Angèle,Balance ton quoi
3,34,Shawn Mendes,Señorita
3,35,Clara Luciani,Ma sœur
3,36,Major Lazer,Que Calor
3,37,Selena Gomez,Lose You To Love Me
3,38,Robin Schulz,In Your Eyes
3,39,Soprano,Le coach
3,40,Future,Life Is Good
3,41,Billie Eilish,everything i wanted
3,42,Clara Luciani,La grenade
3,43,Lady Gaga,Always Remember Us This Way
3,44,Indochine,Un été français
3,45,Gambi,Popopop
3,46,Dadju,Ma vie
3,47,Carla,Bim Bam Toi
3,48,Jean-Louis Aubert,Bien sûr
3,49,Aya Nakamura,40%
3,50,Jorja Smith,Be Honest
4,1,The Weeknd,Blinding Lights
4,2,Tones and I,Dance Monkey
4,3,BTS,Black Swan
4,4,Vitaa,Avant toi
4,5,Ne Reviens Pas,Stats
4,6,Dua Lipa,Don't Start Now
4,7,Maroon 5,Memories
4,8,Black Eyed Peas,RITMO (Bad Boys For Life)
4,9,Dans l'espace,Stats
4,10,Regard,Ride It
4,11,Blanche,Stats
4,12,Vitaa,Ça va ça vient
4,13,Moulaga,Stats
4,14,Angèle,Oui ou non
4,15,Antoine Elie,La Rose Et L'armure
4,16,SAINt JHN,Roses
4,17,Soprano,A Nos Héros Du Quotidien
4,18,Nea,Some Say
4,19,Shaed,Trampoline
4,20,Clara Luciani,Ma sœur
4,21,M. Pokora,Tombé
4,22,Bakermat,Baianá
4,23,Lady Gaga,I'll Never Love Again
4,24,Ava Max,Torn
4,25,Jonas Brothers,What A Man Gotta Do
4,26,Lady Gaga,Shallow
4,27,Maître Gims,Reste
4,28,Billie Eilish,Bad Guy
4,29,Soprano,Le coach
4,30,Sia,Unstoppable
4,31,Gregory Porter,Revival
4,32,Good Time Girl,Stats
4,33,Angèle,Balance ton quoi
4,34,Lewis Capaldi,Someone You Loved
4,35,Les Frangines,Donnez-moi
4,36,Shawn Mendes,Señorita
4,37,Dybala,Stats
4,38,M. Pokora,Si t'es pas là
4,39,Maes,Distant
4,40,Femme Like U (Donne-moi ton corps),Stats
4,41,Eminem,Darkness
4,42,Billie Eilish,everything i wanted
4,43,Eminem,Godzilla
4,44,Justin Bieber,Yummy
4,45,Jean-Louis Aubert,Bien sûr
4,46,Gambi,Popopop
4,47,Vitalic,Waiting For The Stars
4,48,Queen,Bohemian Rhapsody
4,49,Lady Gaga,Always Remember Us This Way
4,50,Carla,Bim Bam Toi
5,1,The Weeknd,Blinding Lights
5,2,Tones and I,Dance Monkey
5,3,Vitaa,Avant toi
5,4,Billie Eilish,Bad Guy
5,5,Dua Lipa,Don't Start Now
5,6,Ne Reviens Pas,Stats
5,7,Maroon 5,Memories
5,8,Black Eyed Peas,RITMO (Bad Boys For Life)
5,9,Regard,Ride It
5,10,Nea,Some Say
5,11,Billie Eilish,everything i wanted
5,12,Moulaga,Stats
5,13,Vitaa,Ça va ça vient
5,14,Shaed,Trampoline
5,15,Angèle,Oui ou non
5,16,Soprano,A Nos Héros Du Quotidien
5,17,Christophe Maé,Casting
5,18,Dans l'espace,Stats
5,19,Bakermat,Baianá
5,20,Sia,Unstoppable
5,21,M. Pokora,Tombé
5,22,Good Time Girl,Stats
5,23,SAINt JHN,Roses
5,24,Demi Lovato,Anyone
5,25,Lady Gaga,I'll Never Love Again
5,26,The Avener,Beautiful
5,27,Blanche,Stats
5,28,Clara Luciani,Ma sœur
5,29,Justin Bieber,Yummy
5,30,Lewis Capaldi,Before You Go
5,31,Lil Nas X,Old Town Road
5,32,Les Frangines,Donnez-moi
5,33,Maître Gims,Reste
5,34,Ava Max,Torn
5,35,Lady Gaga,Shallow
5,36,Lewis Capaldi,Someone You Loved
5,37,Angèle,Balance ton quoi
5,38,M. Pokora,Si t'es pas là
5,39,Damso,Oveillé
5,40,Jonas Brothers,What A Man Gotta Do
5,41,Freya Ridings,Castles
5,42,Dj Arafat,Kong
5,43,Benjamin Biolay,Ton héritage
5,44,Queen,Bohemian Rhapsody
5,45,Toss A Coin To Your Witcher,Stats
5,46,Soprano,Le coach
5,47,Aya Nakamura,40%
5,48,Shawn Mendes,Señorita
5,49,Alicia Keys,Underdog
5,50,Gregory Porter,Revival
6,1,The Weeknd,Blinding Lights
6,2,Tones and I,Dance Monkey
6,3,Vitaa,Avant toi
6,4,Billie Eilish,Bad Guy
6,5,Ne Reviens Pas,Stats
6,6,Dua Lipa,Don't Start Now
6,7,Nea,Some Say
6,8,Maroon 5,Memories
6,9,Dua Lipa,Physical
6,10,Regard,Ride It
6,11,Lovely,Stats
6,12,Vitaa,Ça va ça vient
6,13,Angèle,Oui ou non
6,14,Shaed,Trampoline
6,15,Black Eyed Peas,RITMO (Bad Boys For Life)
6,16,Billie Eilish,everything i wanted
6,17,Clara Luciani,Ma sœur
6,18,Moulaga,Stats
6,19,Billie Eilish,idontwannabeyouanymore
6,20,Sia,Unstoppable
6,21,M. Pokora,Tombé
6,22,Soprano,A Nos Héros Du Quotidien
6,23,Lady Gaga,I'll Never Love Again
6,24,Bakermat,Baianá
6,25,Ava Max,Torn
6,26,Maître Gims,Reste
6,27,SAINt JHN,Roses
6,28,Justin Bieber,Yummy
6,29,Lewis Capaldi,Before You Go
6,30,Carla,Bim Bam Toi
6,31,Soprano,Le coach
6,32,Lady Gaga,Shallow
6,33,Alicia Keys,Underdog
6,34,Angèle,Balance ton quoi
6,35,Taylor Swift,Only The Young
6,36,Marina Kaye,The Whole 9
6,37,Les Frangines,Donnez-moi
6,38,Clara Luciani,La grenade
6,39,Lewis Capaldi,Someone You Loved
6,40,Dans l'espace,Stats
6,41,Shawn Mendes,Señorita
6,42,Roddy Ricch,The Box
6,43,M. Pokora,Si t'es pas là
6,44,Freya Ridings,Castles
6,45,Major Lazer,Que Calor
6,46,Aya Nakamura,40%
6,47,Lady Gaga,Always Remember Us This Way
6,48,M. Pokora,Les planètes
6,49,Christophe Maé,Casting
6,50,Jean-Louis Aubert,Bien sûr
7,1,The Weeknd,Blinding Lights
7,2,Tones and I,Dance Monkey
7,3,Vitaa,Avant toi
7,4,Soolking,Melegim
7,5,Nea,Some Say
7,6,Ne Reviens Pas,Stats
7,7,Billie Eilish,Bad Guy
7,8,Maroon 5,Memories
7,9,Dua Lipa,Don't Start Now
7,10,Eminem,Lose Yourself
7,11,Regard,Ride It
7,12,Lady Gaga,I'll Never Love Again
7,13,Shaed,Trampoline
7,14,Vitaa,Ça va ça vient
7,15,Black Eyed Peas,RITMO (Bad Boys For Life)
7,16,Billie Eilish,everything i wanted
7,17,Angèle,Oui ou non
7,18,Lady Gaga,Shallow
7,19,Sia,Unstoppable
7,20,Clara Luciani,Ma sœur
7,21,The Pussycat Dolls,React
7,22,M. Pokora,Si t'es pas là
7,23,Moulaga,Stats
7,24,Bakermat,Baianá
7,25,Lewis Capaldi,Before You Go
7,26,Soprano,A Nos Héros Du Quotidien
7,27,Maître Gims,Reste
7,28,Ava Max,Torn
7,29,Justin Bieber,Yummy
7,30,M. Pokora,Tombé
7,31,Clara Luciani,La grenade
7,32,Dua Lipa,Physical
7,33,Tusa,Stats
7,34,Lady Gaga,Always Remember Us This Way
7,35,Roddy Ricch,The Box
7,36,Christine and the Queens,"People, I've been sad"
7,37,SAINt JHN,Roses
7,38,Carla,Bim Bam Toi
7,39,Shawn Mendes,Señorita
7,40,Lewis Capaldi,Someone You Loved
7,41,Dans l'espace,Stats
7,42,Major Lazer,Que Calor
7,43,Jean-Louis Aubert,Bien sûr
7,44,Soprano,Le coach
7,45,Les Frangines,Donnez-moi
7,46,Benjamin Biolay,C'est Magnifique
7,47,The Faim,Summer Is a Curse
7,48,Justin Bieber,Intentions
7,49,Aya Nakamura,40%
7,50,Freya Ridings,Castles
8,1,The Weeknd,Blinding Lights
8,2,Tones and I,Dance Monkey
8,3,Billie Eilish,No Time To Die
8,4,Vitaa,Avant toi
8,5,Pomme,La face cachée
8,6,Nea,Some Say
8,7,Vitaa,Ça va ça vient
8,8,Billie Eilish,Bad Guy
8,9,Clara Luciani,Ma sœur
8,10,Clara Luciani,Nue
8,11,Angèle,Oui ou non
8,12,David Bowie,Alabama Song
8,13,Clara Luciani,La grenade
8,14,Soolking,Melegim
8,15,Regard,Ride It
8,16,Dua Lipa,Don't Start Now
8,17,Maroon 5,Memories
8,18,Billie Eilish,everything i wanted
8,19,Tusa,Stats
8,20,Ne Reviens Pas,Stats
8,21,Shaed,Trampoline
8,22,Dead Or Alive,You Spin Me Round (Like A Record) (Re-Recorded / Remastered)
8,23,Bakermat,Baianá
8,24,Black Eyed Peas,RITMO (Bad Boys For Life)
8,25,Eminem,Lose Yourself
8,26,M. Pokora,Si t'es pas là
8,27,Lady Gaga,I'll Never Love Again
8,28,Lady Gaga,Shallow
8,29,Lewis Capaldi,Before You Go
8,30,Les Enfoirés,À côté de toi
8,31,Alain Souchon,Presque
8,32,Soprano,A Nos Héros Du Quotidien
8,33,Hoshi,Amour Censure
8,34,Justin Bieber,Yummy
8,35,Angèle,Balance ton quoi
8,36,Moulaga,Stats
8,37,Tom Leeb,The Best in Me - Eurovision France 2020
8,38,Tina Arena,Je m'appelle Bagdad
8,39,Sia,Unstoppable
8,40,Dua Lipa,Physical
8,41,Carla,Bim Bam Toi
8,42,M. Pokora,Tombé
8,43,Maître Gims,Reste
8,44,Freya Ridings,Castles
8,45,Soprano,Le coach
8,46,Ava Max,Torn
8,47,Les Frangines,Donnez-moi
8,48,SAINt JHN,Roses
8,49,Sam Smith,To Die For
8,50,Lady Gaga,Always Remember Us This Way
9,1,BTS,ON
9,2,The Weeknd,Blinding Lights
9,3,Tones and I,Dance Monkey
9,4,Vitaa,Avant toi
9,5,Billie Eilish,No Time To Die
9,6,Nea,Some Say
9,7,Tusa,Stats
9,8,Ne Reviens Pas,Stats
9,9,BTS,Filter
9,10,Dua Lipa,Don't Start Now
9,11,BTS,We Are Bulletproof : The Eternal
9,12,BTS,Louder Than Bombs
9,13,Maroon 5,Memories
9,14,Billie Eilish,Bad Guy
9,15,Regard,Ride It
9,16,BTS,UGH!
9,17,Soolking,Melegim
9,18,BTS,Friends
9,19,BTS,My Time
9,20,BTS,Inner Child
9,21,Angèle,Oui ou non
9,22,BTS,Interlude : Shadow
9,23,BTS,00:00 (Zero O’Clock)
9,24,BTS,Moon
9,25,Clara Luciani,La grenade
9,26,Vitaa,Ça va ça vient
9,27,Shaed,Trampoline
9,28,Bts,Outro : Ego
9,29,Billie Eilish,everything i wanted
9,30,Clara Luciani,Ma sœur
9,31,Black Eyed Peas,RITMO (Bad Boys For Life)
9,32,Bts,Respect
9,33,Lewis Capaldi,Before You Go
9,34,The Weeknd,After Hours
9,35,Selena Gomez,Feel Me
9,36,Bakermat,Baianá
9,37,Lady Gaga,Shallow
9,38,Les Enfoirés,À côté de toi
9,39,Dua Lipa,Physical
9,40,M. Pokora,Si t'es pas là
9,41,Lady Gaga,I'll Never Love Again
9,42,BTS,Black Swan
9,43,Angèle,Balance ton quoi
9,44,Moulaga,Stats
9,45,6.3,Stats
9,46,Carla,Bim Bam Toi
9,47,Soprano,A Nos Héros Du Quotidien
9,48,Izia,Sous les pavés
9,49,Coldplay,BrokEn
9,50,The Faim,Summer Is a Curse
10,1,Lady Gaga,Stupid Love
10,2,The Weeknd,Blinding Lights
10,3,Tones and I,Dance Monkey
10,4,Vitaa,Avant toi
10,5,Christine And The Queens,La Vita Nuova - EP
10,6,Nea,Some Say
10,7,Tusa,Stats
10,8,Ne Reviens Pas,Stats
10,9,Dua Lipa,Don't Start Now
10,10,Roddy Ricch,The Box
10,11,Maroon 5,Memories
10,12,Lady Gaga,Shallow
10,13,Billie Eilish,Bad Guy
10,14,Vitaa,Ça va ça vient
10,15,Regard,Ride It
10,16,Lewis Capaldi,Before You Go
10,17,Soolking,Melegim
10,18,Angèle,Oui ou non
10,19,Bakermat,Baianá
10,20,Clara Luciani,La grenade
10,21,6.3,Stats
10,22,Les Enfoirés,À côté de toi
10,23,SZA & Justin Timberlake,The Other Side
10,24,Shaed,Trampoline
10,25,Clara Luciani,Ma sœur
10,26,Freya Ridings,Castles
10,27,Billie Eilish,everything i wanted
10,28,Black Eyed Peas,RITMO (Bad Boys For Life)
10,29,Billy Preston,Nothing From Nothing
10,30,Moulaga,Stats
10,31,M. Pokora,Si t'es pas là
10,32,Louis Chedid,Tout ce qu'on veut dans la vie
10,33,Billie Eilish,No Time To Die
10,34,SAINt JHN,Roses
10,35,Dua Lipa,Physical
10,36,Soprano,A Nos Héros Du Quotidien
10,37,Ava Max,Torn
10,38,Lady Gaga,I'll Never Love Again
10,39,Ninho,M.I.L.S 3
10,40,Pixies,Where Is My Mind?
10,41,M. Pokora,Tombé
10,42,Angèle,Balance ton quoi
10,43,Jean-Louis Aubert,Bien sûr
10,44,Dead Or Alive,You Spin Me Round (Like A Record) (Re-Recorded / Remastered)
10,45,Maître Gims,Reste
10,46,Doja Cat,Say So
10,47,Angèle,Ta reine
10,48,Carla,Bim Bam Toi
10,49,SDM,La Zone
10,50,Clara Luciani,Nue
11,1,The Weeknd,Blinding Lights
11,2,Vitaa,Avant toi
11,3,Les Enfoirés,À côté de toi
11,4,Tusa,Stats
11,5,Tones and I,Dance Monkey
11,6,Les Enfoirés,Mourir Sur Scène
11,7,Ninho,Lettre À Une Femme
11,8,Nea,Some Say
11,9,Ne Reviens Pas,Stats
11,10,Dua Lipa,Don't Start Now
11,11,Lady Gaga,Stupid Love
11,12,Clara Luciani,La grenade
11,13,Booba,CAVALIERO
11,14,Lewis Capaldi,Before You Go
11,15,Les Enfoirés,Vivre Pour Le Meilleur
11,16,Regard,Ride It
11,17,Maroon 5,Memories
11,18,Vitaa,Ça va ça vient
11,19,Who,Stats
11,20,Billie Eilish,Bad Guy
11,21,Soprano,A Nos Héros Du Quotidien
11,22,Freya Ridings,Castles
11,23,Dua Lipa,Physical
11,24,Soolking,Melegim
11,25,Doja Cat,Say So
11,26,Angèle,Oui ou non
11,27,Shaed,Trampoline
11,28,Roddy Ricch,The Box
11,29,Demi Lovato,I Love Me
11,30,M. Pokora,Si t'es pas là
11,31,Richard Clayderman,I Just Called To Say I Love You
11,32,Clara Luciani,Ma sœur
11,33,Bakermat,Baianá
11,34,Billie Eilish,everything i wanted
11,35,Les Enfoirés,Combien De Murs
11,36,Lady Gaga,Shallow
11,37,6.3,Stats
11,38,Soprano,Le coach
11,39,Black Eyed Peas,RITMO (Bad Boys For Life)
11,40,Carla,Bim Bam Toi
11,41,Billie Eilish,No Time To Die
11,42,Moulaga,Stats
11,43,Ava Max,Salt
11,44,Josh Groban,You Raise Me Up
11,45,M. Pokora,Tombé
11,46,Noel Gallagher's High Flying Birds,Blue Moon Rising Ep
11,47,Hoshi,Amour Censure
11,48,You Raise Me Up,Stats
11,49,Les Enfoirés,Your Song
11,50,Maître Gims,Reste
12,1,The Weeknd,Blinding Lights
12,2,Tones and I,Dance Monkey
12,3,Tusa,Stats
12,4,Vitaa,Avant toi
12,5,Ninho,Lettre À Une Femme
12,6,Les Enfoirés,À côté de toi
12,7,Nea,Some Say
12,8,Ne Reviens Pas,Stats
12,9,Ava Max,Kings & Queens
12,10,V,Sweet Night
12,11,Dua Lipa,Don't Start Now
12,12,Lady Gaga,Stupid Love
12,13,Roddy Ricch,The Box
12,14,Maroon 5,Memories
12,15,Lewis Capaldi,Before You Go
12,16,Doja Cat,Say So
12,17,Soolking,Melegim
12,18,Regard,Ride It
12,19,Billie Eilish,everything i wanted
12,20,Billie Eilish,Bad Guy
12,21,Les Enfoirés,Mourir Sur Scène
12,22,M. Pokora,Si t'es pas là
12,23,Clean Bandit,Symphony
12,24,Freya Ridings,Castles
12,25,Therapie TAXI,Candide Crush
12,26,Vitaa,Ça va ça vient
12,27,Shaed,Trampoline
12,28,Bakermat,Baianá
12,29,Ava Max,Salt
12,30,Dua Lipa,Physical
12,31,Soprano,A Nos Héros Du Quotidien
12,32,6.3,Stats
12,33,Soprano,Ninja
12,34,Angèle,Oui ou non
12,35,Moulaga,Stats
12,36,Clara Luciani,Ma sœur
12,37,Soprano,Le coach
12,38,SAINt JHN,Roses
12,39,Ava Max,Torn
12,40,Clara Luciani,La grenade
12,41,Lady Gaga,Shallow
12,42,Mouloudji,L'amour L'amour L'amour
12,43,SZA & Justin Timberlake,The Other Side
12,44,Ily,Stats
12,45,Booba,CAVALIERO
12,46,Baila Conmigo,Stats
12,47,Carla,Bim Bam Toi
12,48,Black Blood,A.I.E. (A'Mwana)
12,49,Hoshi,Amour Censure
12,50,Black Eyed Peas,RITMO (Bad Boys For Life)
13,1,Ninho,Lettre À Une Femme
13,2,The Weeknd,Blinding Lights
13,3,6.3,Stats
13,4,Soolking,Melegim
13,5,Ninho,Zipette
13,6,Roddy Ricch,The Box
13,7,Tones and I,Dance Monkey
13,8,Ne Reviens Pas,Stats
13,9,Promo,Stats
13,10,Tusa,Stats
13,11,SAINt JHN,Roses
13,12,Every Day,Stats
13,13,Blanche,Stats
13,14,Ninho,La Puerta
13,15,Maes,Distant
13,16,Regard,Ride It
13,17,Nea,Some Say
13,18,Dua Lipa,Don't Start Now
13,19,MD,Stats
13,20,Dybala,Stats
13,21,Ninho,Filon
13,22,Moulaga,Stats
13,23,Ninho,Centre Commercial
13,24,Aya Nakamura,40%
13,25,Ninho,Gros Vendeurs
13,26,Vitaa,Avant toi
13,27,Ninho,Le Jeu
13,28,Pirate,Stats
13,29,Ninho,M.I.L.S 3
13,30,Ninho,C'Était Le Rap
13,31,Bakermat,Baianá
13,32,Doja Cat,Say So
13,33,Imen Es,1ère fois
13,34,Angèle,Oui ou non
13,35,Soolking,Ça Fait Des Années
13,36,Ninho,En Chien
13,37,The Weeknd,In Your Eyes
13,38,Dans l'espace,Stats
13,39,93% (Tijuana),Stats
13,40,Ninho,Mauvais Djo
13,41,Surfaces,Sunday Best
13,42,Trevor Daniel,Falling
13,43,Arizona Zervas,ROXANNE
13,44,Ninho,Intro (m.i.l.s 3)
13,45,Soso Maness,So Maness
13,46,La Kichta,Stats
13,47,Black Eyed Peas,RITMO (Bad Boys For Life)
13,48,Hornet La Frappe,Calumet
13,49,Tu Sais Qu'on Est Gang,Stats
13,50,The Weeknd,Alone Again
18,1,The Rolling Stones,Living In A Ghost Town
18,2,The Weeknd,Blinding Lights
18,3,Young T & Bugsey,Don't Rush
18,4,Benjamin Biolay,Comment est ta peine ?
18,5,Et demain ? Le collectif,Et demain ?
18,6,Tones and I,Dance Monkey
18,7,Christophe,Les mots bleus
18,8,SAINt JHN,Roses
18,9,Calogero,On fait comme si
18,10,Tusa,Stats
18,11,Black Eyed Peas,Mamacita
18,12,Ily,Stats
18,13,Christophe,Les paradis perdus
18,14,Doja Cat,Say So
18,15,The Scotts,The Scotts
18,16,Lost Frequencies,Love To Go
18,17,Bilal Hassani,Fais le vide
18,18,Vitaa,Avant toi
18,19,Woodkid,Goliath
18,20,Nea,Some Say
18,21,Christophe,Aline
18,22,Dua Lipa,Physical
18,23,Christophe,Les Marionnettes
18,24,Imen Es,1ère fois
18,25,Dua Lipa,Don't Start Now
18,26,Regard,Ride It
18,27,Soprano,A Nos Héros Du Quotidien
18,28,Lady Gaga,Stupid Love
18,29,Christophe,Daisy
18,30,Manu Pilas,Bella Ciao
18,31,Lewis Capaldi,Before You Go
18,32,The Weeknd,In Your Eyes
18,33,Freya Ridings,Castles
18,34,Pagny Obispo Lavoine,Pour les Gens Du Secours
18,35,Billie Eilish,Bad Guy
18,36,Les Enfoirés,À côté de toi
18,37,Powfu,Death Bed
18,38,Soprano,Ninja
18,39,Soolking,Melegim
18,40,Megan Thee Stallion,Savage
18,41,Ava Max,Salt
18,42,Drake,Toosie Slide
18,43,Helmut Fritz,Ça m'énerve
18,44,Lara Fabian,Nos coeurs à la fenêtre
18,45,Astronomia,Stats
18,46,Maroon 5,Memories
18,47,Christophe,Succès fou
18,48,Hoshi,Amour Censure
18,49,Pharrell Williams,Happy
18,50,Shaed,Trampoline
19,1,Idir,A Vava Inouva
19,2,The Weeknd,Blinding Lights
19,3,Doja Cat,Say So
19,4,Et demain ? Le collectif,Et demain ?
19,5,Young T & Bugsey,Don't Rush
19,6,Tones and I,Dance Monkey
19,7,The Rolling Stones,Living In A Ghost Town
19,8,SAINt JHN,Roses
19,9,Iu,eight
19,10,Benjamin Biolay,Comment est ta peine ?
19,11,Black Eyed Peas,Mamacita
19,12,Soprano,A Nos Héros Du Quotidien
19,13,Tusa,Stats
19,14,Ily,Stats
19,15,Dua Lipa,Physical
19,16,Calogero,On fait comme si
19,17,Nea,Some Say
19,18,Megan Thee Stallion,Savage
19,19,Jenifer,Comme c'est bon
19,20,Elton John,I'm Still Standing
19,21,The Weeknd,In Your Eyes
19,22,Regard,Ride It
19,23,Vitaa,Avant toi
19,24,Elton John,Your Song
19,25,Ava Max,Salt
19,26,Lewis Capaldi,Before You Go
19,27,Soprano,Ninja
19,28,Powfu,Death Bed
19,29,Madonna,I Don't Search I Find
19,30,Dua Lipa,Don't Start Now
19,31,Drake,Toosie Slide
19,32,Freya Ridings,Castles
19,33,Lady Gaga,Stupid Love
19,34,Soolking,Melegim
19,35,Breaking Me,Stats
19,36,I Love You,Stats
19,37,Maroon 5,Memories
19,38,Billie Eilish,Bad Guy
19,39,Manu Pilas,Bella Ciao
19,40,Lady Gaga,Shallow
19,41,Robin Schulz,In Your Eyes
19,42,Christophe,Les mots bleus
19,43,Camélia Jordana,Facile
19,44,Soprano,Le coach
19,45,Imen Es,1ère fois
19,46,Les Enfoirés,À côté de toi
19,47,Helmut Fritz,Ça m'énerve
19,48,The Scotts,The Scotts
19,49,Hoshi,Amour Censure
19,50,Supalonely,Stats
20,1,Ariana Grande,Stuck With U
20,2,The Weeknd,Blinding Lights
20,3,Et demain ? Le collectif,Et demain ?
20,4,Doja Cat,Say So
20,5,6ix9ine,Gooba
20,6,Tones and I,Dance Monkey
20,7,Booba,Jauné
20,8,Young T & Bugsey,Don't Rush
20,9,Vianney,N'attendons pas
20,10,SAINt JHN,Roses
20,11,(I've Had) The Time Of My Life,Stats
20,12,The Rolling Stones,Living In A Ghost Town
20,13,Tusa,Stats
20,14,Lady Gaga,Shallow
20,15,Black Eyed Peas,Mamacita
20,16,Little Richard,Tutti Frutti
20,17,Dua Lipa,Physical
20,18,Ily,Stats
20,19,The Weeknd,In Your Eyes
20,20,Aldebert,"Corona Minus, la chanson des gestes barrières pour l'école"
20,21,Vitaa,Avant toi
20,22,Benjamin Biolay,Comment est ta peine ?
20,23,Jenifer,Comme c'est bon
20,24,Soprano,A Nos Héros Du Quotidien
20,25,Powfu,Death Bed
20,26,Lady Gaga,Stupid Love
20,27,Vladimir Cauchemar,(G)rave
20,28,I Love You,Stats
20,29,Ava Max,Salt
20,30,Eric Carmen,Hungry Eyes
20,31,Lewis Capaldi,Before You Go
20,32,Nea,Some Say
20,33,She's Like The Wind,Stats
20,34,Calogero,On fait comme si
20,35,Soolking,Melegim
20,36,Robin Schulz,In Your Eyes
20,37,Richard Bona,Ngarbuh
20,38,Soprano,Ninja
20,39,Hatik,Angela
20,40,Camélia Jordana,Facile
20,41,Regard,Ride It
20,42,Dua Lipa,Don't Start Now
20,43,Keen'v,Tahiti
20,44,Les Enfoirés,À côté de toi
20,45,Head Shoulders Knees & Toes,Stats
20,46,Imen Es,1ère fois
20,47,Drake,Toosie Slide
20,48,Marc Lavoine,Chere amie
20,49,Hoshi,Amour Censure
20,50,The Ronettes,Be My Baby
21,1,The Weeknd,Blinding Lights
21,2,Doja Cat,Say So
21,3,The Weeknd,In Your Eyes
21,4,Tones and I,Dance Monkey
21,5,Ariana Grande,Stuck With U
21,6,Ily,Stats
21,7,SAINt JHN,Roses
21,8,-M-,Croîs au printemps
21,9,Tusa,Stats
21,10,Young T & Bugsey,Don't Rush
21,11,Dua Lipa,Physical
21,12,Jenifer,Comme c'est bon
21,13,Aldebert,"Corona Minus, la chanson des gestes barrières pour l'école"
21,14,Camélia Jordana,Facile
21,15,Breaking Me,Stats
21,16,Vianney,N'attendons pas
21,17,Katy Perry,Daisies
21,18,6ix9ine,Gooba
21,19,Benjamin Biolay,Comment est ta peine ?
21,20,Kygo,Lose Somebody
21,21,Hatik,Angela
21,22,Et demain ? Le collectif,Et demain ?
21,23,Soprano,Ninja
21,24,Powfu,Death Bed
21,25,Nea,Some Say
21,26,I Love You,Stats
21,27,Black Eyed Peas,Mamacita
21,28,Booba,Jauné
21,29,Lady Gaga,Stupid Love
21,30,Soolking,Melegim
21,31,Jonas Brothers,X
21,32,Robin Schulz,In Your Eyes
21,33,Vitaa,Avant toi
21,34,Ava Max,Salt
21,35,Gregory Porter,Revival
21,36,Lewis Capaldi,Before You Go
21,37,Lady Gaga,Shallow
21,38,Curtis Mayfield,Move On Up
21,39,Freya Ridings,Castles
21,40,Regard,Ride It
21,41,Master Kg,Jerusalem
21,42,The Rolling Stones,Living In A Ghost Town
21,43,Supalonely,Stats
21,44,Soprano,A Nos Héros Du Quotidien
21,45,Dua Lipa,Don't Start Now
21,46,Israel Kamakawiwo'ole,Over The Rainbow
21,47,Imen Es,1ère fois
21,48,Drake,Toosie Slide
21,49,Vladimir Cauchemar,(G)rave
21,50,Jul,Fait D'or
22,1,Indochine,Nos célébrations
22,2,Lady Gaga,Rain On Me
22,3,Agust D,Daechwita
22,4,The Weeknd,Blinding Lights
22,5,Candela,Stats
22,6,Doja Cat,Say So
22,7,Mory Kante,Yé ké yé ké
22,8,The Weeknd,In Your Eyes
22,9,Camélia Jordana,Facile
22,10,SAINt JHN,Roses
22,11,Tusa,Stats
22,12,Agust D,Strange
22,13,Agust D,Moonlight
22,14,Agust D,What Do You Think?
22,15,Burn It,Stats
22,16,Agust D,People
22,17,Hatik,Angela
22,18,Black Eyed Peas,Mamacita
22,19,28,Stats
22,20,Tones and I,Dance Monkey
22,21,Ily,Stats
22,22,Dua Lipa,Physical
22,23,Dear My Friend,Stats
22,24,Ariana Grande,Stuck With U
22,25,Agust D,Honsool
22,26,Lady Gaga,Stupid Love
22,27,Aldebert,"Corona Minus, la chanson des gestes barrières pour l'école"
22,28,Agust D,Interlude : Set Me Free
22,29,Breaking Me,Stats
22,30,Powfu,Death Bed
22,31,Et demain ? Le collectif,Et demain ?
22,32,Jenifer,Comme c'est bon
22,33,Criminel,Stats
22,34,I Love You,Stats
22,35,Young T & Bugsey,Don't Rush
22,36,Curtis Mayfield,Move On Up
22,37,Robin Schulz,In Your Eyes
22,38,Marvin Gaye,Inner City Blues (make Me Wanna Holla)
22,39,Soolking,Melegim
22,40,Lady Gaga,Sour Candy
22,41,Master Kg,Jerusalem
22,42,Benjamin Biolay,Comment est ta peine ?
22,43,Vianney,N'attendons pas
22,44,Soprano,Ninja
22,45,Lewis Capaldi,Before You Go
22,46,Vitaa,Avant toi
22,47,Nea,Some Say
22,48,Jul,Folie
22,49,Ava Max,Salt
22,50,Regard,Ride It
23,1,Indochine,Nos célébrations
23,2,The Weeknd,Blinding Lights
23,3,The Weeknd,In Your Eyes
23,4,Lady Gaga,Rain On Me
23,5,SAINt JHN,Roses
23,6,Ily,Stats
23,7,Deluxe,Suite Et Fin
23,8,Mr. Oizo,Pharmacist
23,9,Doja Cat,Say So
23,10,Hatik,Angela
23,11,Breaking Me,Stats
23,12,Tones and I,Dance Monkey
23,13,Black Eyed Peas,Mamacita
23,14,Lady Gaga,Stupid Love
23,15,Dua Lipa,Physical
23,16,Britney Spears,Mood Ring (by Demand)
23,17,Lady Gaga,Sour Candy
23,18,Powfu,Death Bed
23,19,Tusa,Stats
23,20,I Love You,Stats
23,21,Jul,Folie
23,22,Bob Sinclar,I'm On My Way
23,23,Master Kg,Jerusalem
23,24,Ava Max,Kings & Queens
23,25,Benjamin Biolay,Comment est ta peine ?
23,26,Soprano,Ninja
23,27,Nea,Some Say
23,28,Robin Schulz,In Your Eyes
23,29,Soolking,Melegim
23,30,Camélia Jordana,Facile
23,31,Ariana Grande,Stuck With U
23,32,Jenifer,Comme c'est bon
23,33,Hoshi,Amour Censure
23,34,Young T & Bugsey,Don't Rush
23,35,Et demain ? Le collectif,Et demain ?
23,36,Vitaa,Avant toi
23,37,Lady Gaga,Shallow
23,38,Supalonely,Stats
23,39,Dua Lipa,Don't Start Now
23,40,Regard,Ride It
23,41,Vianney,N'attendons pas
23,42,Curtis Mayfield,Move On Up
23,43,Lady Gaga,Alice
23,44,Lewis Capaldi,Before You Go
23,45,Aldebert,"Corona Minus, la chanson des gestes barrières pour l'école"
23,46,Tryo,Désolé pour hier soir XXV - Remix 2020
23,47,Soprano,A Nos Héros Du Quotidien
23,48,Ninho,Lettre À Une Femme
23,49,DripReport,Skechers
23,50,Freya Ridings,Castles
24,1,Indochine,Nos célébrations
24,2,The Weeknd,Blinding Lights
24,3,The Weeknd,In Your Eyes
24,4,Sheila,7Ème Continent
24,5,Doja Cat,Say So
24,6,Hatik,Angela
24,7,Bosh,Djomb
24,8,Ily,Stats
24,9,Breaking Me,Stats
24,10,SAINt JHN,Roses
24,11,Lady Gaga,Rain On Me
24,12,Dua Lipa,Physical
24,13,Ava Max,Kings & Queens
24,14,Tones and I,Dance Monkey
24,15,Master Kg,Jerusalem
24,16,Black Eyed Peas,Mamacita
24,17,Hoshi,Amour Censure
24,18,Tusa,Stats
24,19,Powfu,Death Bed
24,20,Jul,Folie
24,21,I Love You,Stats
24,22,Camélia Jordana,Facile
24,23,Soolking,Melegim
24,24,Benjamin Biolay,Comment est ta peine ?
24,25,Lady Gaga,Stupid Love
24,26,Robin Schulz,In Your Eyes
24,27,Nea,Some Say
24,28,Curtis Mayfield,Move On Up
24,29,Vitaa,Avant toi
24,30,Soprano,Ninja
24,31,Vianney,N'attendons pas
24,32,Lewis Capaldi,Before You Go
24,33,Young T & Bugsey,Don't Rush
24,34,Ariana Grande,Stuck With U
24,35,Wejdene,Anissa
24,36,Stevie Wonder,Free
24,37,Amir,La fête
24,38,Et demain ? Le collectif,Et demain ?
24,39,Keen'v,Tahiti
24,40,Dua Lipa,Don't Start Now
24,41,Lady Gaga,Shallow
24,42,Freya Ridings,Castles
24,43,Ava Max,Salt
24,44,The Quantic Soul Orchestra,Feeling Good
24,45,Imen Es,1ère fois
24,46,DripReport,Skechers
24,47,Supalonely,Stats
24,48,Regard,Ride It
24,49,Kendji Girac,Habibi
24,50,Tryo,Désolé pour hier soir XXV - Remix 2020
25,1,Kendji Girac,Habibi
25,2,Indochine,Nos célébrations
25,3,Bosh,Djomb
25,4,The Weeknd,In Your Eyes
25,5,The Weeknd,Blinding Lights
25,6,Ryan Paris,Dolce vita
25,7,Trollz,Stats
25,8,Hatik,Angela
25,9,Breaking Me,Stats
25,10,Benjamin Biolay,Comment est ta peine ?
25,11,Master Kg,Jerusalem
25,12,Black Eyed Peas,Mamacita
25,13,Doja Cat,Say So
25,14,Camélia Jordana,Facile
25,15,Hoshi,Amour Censure
25,16,Dua Lipa,Physical
25,17,SAINt JHN,Roses
25,18,Ava Max,Kings & Queens
25,19,I Love You,Stats
25,20,Et demain ? Le collectif,Et demain ?
25,21,Ily,Stats
25,22,Amir,La fête
25,23,Vitaa,Avant toi
25,24,Amel Bent,Jusqu'au bout
25,25,Soolking,Melegim
25,26,Tones and I,Dance Monkey
25,27,Vianney,N'attendons pas
25,28,Robin Schulz,In Your Eyes
25,29,Powfu,Death Bed
25,30,Wejdene,Anissa
25,31,Tusa,Stats
25,32,Clara Luciani,La grenade
25,33,Keen'v,Tahiti
25,34,Lady Gaga,Rain On Me
25,35,Lovely,Stats
25,36,Clara Luciani,Ma sœur
25,37,Michele Morrone,Hard For Me
25,38,Head Shoulders Knees & Toes,Stats
25,39,Imen Es,1ère fois
25,40,Dadju,Bobo Au Coeur
25,41,Tryo,Désolé pour hier soir XXV - Remix 2020
25,42,Soprano,Ninja
25,43,Kendji Girac,Les yeux de la mama
25,44,El Capon,Shut up Chicken
25,45,Jul,Folie
25,46,Jawsh 685,Savage Love (Laxed - Siren Beat)
25,47,Lady Gaga,Stupid Love
25,48,Pas Beaux,Stats
25,49,Maître Gims,"Malheur, Malheur"
25,50,Nea,Some Say
26,1,Grand Corps Malade,Mais je t'aime
26,2,Black Eyed Peas,Mamacita
26,3,Bosh,Djomb
26,4,Benjamin Biolay,Comment est ta peine ?
26,5,Master KG,Jerusalema
26,6,Ryan Paris,Dolce vita
26,7,The Weeknd,In Your Eyes
26,8,The Weeknd,Blinding Lights
26,9,Hatik,Angela
26,10,Camélia Jordana,Facile
26,11,Kendji Girac,Habibi
26,12,Breaking Me,Stats
26,13,Indochine,Nos célébrations
26,14,Doja Cat,Say So
26,15,Ily,Stats
26,16,Ava Max,Kings & Queens
26,17,Dua Lipa,Physical
26,18,BTS,Stay Gold
26,19,Wejdene,Anissa
26,20,Hoshi,Amour Censure
26,21,Tayc,N'y pense plus
26,22,SAINt JHN,Roses
26,23,Tones and I,Dance Monkey
26,24,I Love You,Stats
26,25,Powfu,Death Bed
26,26,Amir,La fête
26,27,Hélène Ségara,Plus jamais
26,28,Dadju,Grand Bain
26,29,Head Shoulders Knees & Toes,Stats
26,30,Keen'v,Tahiti
26,31,Tusa,Stats
26,32,Fally Ipupa,Allô téléphone
26,33,Soolking,Melegim
26,34,Gilbert Bécaud,Je Reviens Te Chercher
26,35,Robin Schulz,In Your Eyes
26,36,Beyoncé,BLACK PARADE
26,37,Vianney,N'attendons pas
26,38,Vitaa,Avant toi
26,39,Banana,Stats
26,40,Que Ça Dure,Stats
26,41,Jawsh 685,Savage Love (Laxed - Siren Beat)
26,42,Jean-Baptiste Guegan,Tu es toujours là
26,43,M. Pokora,Danse avec moi
26,44,Lady Gaga,Rain On Me
26,45,Nea,Some Say
26,46,Astronomia,Stats
26,47,Soprano,Ninja
26,48,Jul,Folie
26,49,Black Eyed Peas,RITMO (Bad Boys For Life)
26,50,Boulevard Des Airs,Emmène moi
27,1,Grand Corps Malade,Mais je t'aime
27,2,Benjamin Biolay,Comment est ta peine ?
27,3,Julien Doré,La fièvre
27,4,Black Eyed Peas,Mamacita
27,5,Master KG,Jerusalema
27,6,The Weeknd,Blinding Lights
27,7,Hatik,Angela
27,8,The Weeknd,In Your Eyes
27,9,Bosh,Djomb
27,10,BLACKPINK,How You Like That
27,11,Camélia Jordana,Facile
27,12,Breaking Me,Stats
27,13,Indochine,Nos célébrations
27,14,Gilbert Bécaud,Je Reviens Te Chercher
27,15,Ryan Paris,Dolce vita
27,16,Ava Max,Kings & Queens
27,17,Dua Lipa,Physical
27,18,Astronomia,Stats
27,19,Keen'v,Tahiti
27,20,Ily,Stats
27,21,Kendji Girac,Habibi
27,22,Doja Cat,Say So
27,23,Wejdene,Anissa
27,24,Tones and I,Dance Monkey
27,25,I Love You,Stats
27,26,Jawsh 685,Savage Love (Laxed - Siren Beat)
27,27,Tusa,Stats
27,28,SAINt JHN,Roses
27,29,Head Shoulders Knees & Toes,Stats
27,30,Hoshi,Amour Censure
27,31,Powfu,Death Bed
27,32,Robin Schulz,In Your Eyes
27,33,Soprano,Ninja
27,34,M. Pokora,Danse avec moi
27,35,Rockstar,Stats
27,36,Lady Gaga,Rain On Me
27,37,Soolking,Melegim
27,38,Dadju,Grand Bain
27,39,Vitaa,Avant toi
27,40,Flo Delavega,Printemps éternel
27,41,Vianney,N'attendons pas
27,42,Maître Gims,"Malheur, Malheur"
27,43,Amir,La fête
27,44,Britney Spears,Mood Ring (by Demand)
27,45,Nea,Some Say
27,46,Banana,Stats
27,47,Imen Es,1ère fois
27,48,Regard,Ride It
27,49,Mylène Farmer,Devant soi
27,50,Tayc,N'y pense plus
28,1,Grand Corps Malade,Mais je t'aime
28,2,Master KG,Jerusalema
28,3,Benjamin Biolay,Comment est ta peine ?
28,4,Grand Corps Malade,Mesdames
28,5,Indochine,Nos célébrations
28,6,The Weeknd,Blinding Lights
28,7,Black Eyed Peas,Mamacita
28,8,Hatik,Angela
28,9,Louane,Donne-moi ton Cœur
28,10,Ava Max,Kings & Queens
28,11,The Weeknd,In Your Eyes
28,12,Breaking Me,Stats
28,13,Kendji Girac,Habibi
28,14,Camélia Jordana,Facile
28,15,Bosh,Djomb
28,16,Étienne Daho,Comateens Vs. Etienne Daho / Exclu Fnac
28,17,Reality,Stats
28,18,Keen'v,Tahiti
28,19,Jawsh 685,Savage Love (Laxed - Siren Beat)
28,20,Julien Doré,La fièvre
28,21,Doja Cat,Say So
28,22,Dua Lipa,Physical
28,23,Wejdene,Anissa
28,24,Ily,Stats
28,25,Head Shoulders Knees & Toes,Stats
28,26,I Love You,Stats
28,27,Tones and I,Dance Monkey
28,28,Kaaris,Goulag
28,29,Astronomia,Stats
28,30,Gilbert Bécaud,Je Reviens Te Chercher
28,31,Robin Schulz,Alane
28,32,Polo & Pan,Feel Good
28,33,Tusa,Stats
28,34,Amel Bent,Jusqu'au bout
28,35,SAINt JHN,Roses
28,36,Dua Lipa,Break My Heart
28,37,Rockstar,Stats
28,38,Powfu,Death Bed
28,39,Soprano,Ninja
28,40,Robin Schulz,In Your Eyes
28,41,Tayc,N'y pense plus
28,42,Amir,La fête
28,43,Hoshi,Amour Censure
28,44,Dadju,Grand Bain
28,45,Banana,Stats
28,46,Island,Stats
28,47,Nea,Some Say
28,48,Soolking,Melegim
28,49,Vitaa,Avant toi
28,50,Eva,Chelou
29,1,Master KG,Jerusalema
29,2,Indochine,Nos célébrations
29,3,Grand Corps Malade,Mais je t'aime
29,4,Black Eyed Peas,Mamacita
29,5,The Weeknd,Blinding Lights
29,6,Ava Max,Kings & Queens
29,7,The Weeknd,In Your Eyes
29,8,Hatik,Angela
29,9,Bosh,Djomb
29,10,Benjamin Biolay,Comment est ta peine ?
29,11,Camélia Jordana,Facile
29,12,Keen'v,Tahiti
29,13,Ily,Stats
29,14,Breaking Me,Stats
29,15,Jawsh 685,Savage Love (Laxed - Siren Beat)
29,16,Robin Schulz,Alane
29,17,Bts,Your Eyes Tell
29,18,Booba,Dolce Vita
29,19,Dua Lipa,Physical
29,20,Doja Cat,Say So
29,21,Head Shoulders Knees & Toes,Stats
29,22,Tones and I,Dance Monkey
29,23,Banana,Stats
29,24,Mylène Farmer,Comme j'ai mal
29,25,Mylène Farmer,Tristana
29,26,Julien Doré,La fièvre
29,27,I Love You,Stats
29,28,Calogero,La rumeur
29,29,Astronomia,Stats
29,30,Wejdene,Anissa
29,31,Louane,Donne-moi ton Cœur
29,32,Kendji Girac,Habibi
29,33,Grand Corps Malade,Mesdames
29,34,Tusa,Stats
29,35,Tayc,N'y pense plus
29,36,Soprano,Ninja
29,37,Mylène Farmer,Plus Grandir
29,38,Depeche Mode,Violator - The 12
29,39,Mylène Farmer,Sans logique
29,40,Trois Cafés Gourmands,On t'emmène
29,41,Powfu,Death Bed
29,42,SAINt JHN,Roses
29,43,Robin Schulz,In Your Eyes
29,44,Amir,La fête
29,45,La Meilleure,Stats
29,46,Mylène Farmer,Que mon coeur lâche
29,47,Amel Bent,Jusqu'au bout
29,48,BTS,Moon
29,49,Mylène Farmer,Pourvu qu'elles soient douces
29,50,Dadju,Grand Bain
30,1,Master KG,Jerusalema
30,2,Aya Nakamura,Jolie nana
30,3,Indochine,Nos célébrations
30,4,Grand Corps Malade,Mais je t'aime
30,5,Jawsh 685,Savage Love (Laxed - Siren Beat)
30,6,Keen'v,Tahiti
30,7,The Weeknd,In Your Eyes
30,8,Black Eyed Peas,Mamacita
30,9,Joy Division,Love Will Tear Us Apart
30,10,Joy Division,Atmosphere
30,11,The Weeknd,Blinding Lights
30,12,Hatik,Angela
30,13,Breaking Me,Stats
30,14,Robin Schulz,Alane
30,15,Ava Max,Kings & Queens
30,16,Joy Division,Transmission
30,17,Camélia Jordana,Facile
30,18,Benjamin Biolay,Comment est ta peine ?
30,19,Bosh,Djomb
30,20,Doja Cat,Say So
30,21,Julien Doré,La fièvre
30,22,Ily,Stats
30,23,Tayc,N'y pense plus
30,24,Amir,La fête
30,25,Tones and I,Dance Monkey
30,26,Booba,Dolce Vita
30,27,Banana,Stats
30,28,Louane,Donne-moi ton Cœur
30,29,SAINt JHN,Roses
30,30,Wejdene,Anissa
30,31,Head Shoulders Knees & Toes,Stats
30,32,I Love You,Stats
30,33,Dua Lipa,Physical
30,34,Kygo,What's Love Got To Do With It
30,35,Kendji Girac,Habibi
30,36,La Meilleure,Stats
30,37,Astronomia,Stats
30,38,Depeche Mode,Violator - The 12
30,39,Amel Bent,Jusqu'au bout
30,40,Grand Corps Malade,Mesdames
30,41,Tusa,Stats
30,42,Mylène Farmer,Comme j'ai mal
30,43,Lady Gaga,Rain On Me
30,44,House Of Pain,Jump Around
30,45,Kill Me Slow,Stats
30,46,Powfu,Death Bed
30,47,Dua Lipa,Break My Heart
30,48,Jean-Jacques Goldman,Puisque tu pars
30,49,Dadju,Grand Bain
30,50,Rockstar,Stats
31,1,Master KG,Jerusalema
31,2,Julien Doré,La fièvre
31,3,Jawsh 685,Savage Love (Laxed - Siren Beat)
31,4,Aya Nakamura,Jolie nana
31,5,Grand Corps Malade,Mais je t'aime
31,6,Indochine,Nos célébrations
31,7,The Weeknd,In Your Eyes
31,8,Robin Schulz,Alane
31,9,Black Eyed Peas,Mamacita
31,10,Benjamin Biolay,Comment est ta peine ?
31,11,Keen'v,Tahiti
31,12,Ava Max,Kings & Queens
31,13,The Weeknd,Blinding Lights
31,14,Hatik,Angela
31,15,Camélia Jordana,Facile
31,16,Breaking Me,Stats
31,17,Ily,Stats
31,18,Banana,Stats
31,19,Bosh,Djomb
31,20,Head Shoulders Knees & Toes,Stats
31,21,Mylène Farmer,Pourvu qu'elles soient douces
31,22,Tones and I,Dance Monkey
31,23,Tayc,N'y pense plus
31,24,Dua Lipa,Physical
31,25,Wejdene,Anissa
31,26,I Love You,Stats
31,27,Little Mix,Holiday
31,28,Astronomia,Stats
31,29,SAINt JHN,Roses
31,30,Amel Bent,Jusqu'au bout
31,31,Louane,Donne-moi ton Cœur
31,32,Doja Cat,Say So
31,33,Kill Me Slow,Stats
31,34,Amir,La fête
31,35,Kendji Girac,Habibi
31,36,Control,Stats
31,37,Dua Lipa,Break My Heart
31,38,Kylie Minogue,Say Something
31,39,Tusa,Stats
31,40,Powfu,Death Bed
31,41,La Meilleure,Stats
31,42,Dadju,Grand Bain
31,43,The Sound Of Silence,Stats
31,44,Booba,Dolce Vita
31,45,Grand Corps Malade,Mesdames
31,46,Taylor Swift,Cardigan
31,47,Rockstar,Stats
31,48,Reality,Stats
31,49,Nea,Some Say
31,50,Summer Wine,Stats
32,1,Master KG,Jerusalema
32,2,Woodkid,Goliath
32,3,Jawsh 685,Savage Love (Laxed - Siren Beat)
32,4,Grand Corps Malade,Mais je t'aime
32,5,Aya Nakamura,Jolie nana
32,6,Indochine,Nos célébrations
32,7,Robin Schulz,Alane
32,8,The Weeknd,In Your Eyes
32,9,Black Eyed Peas,Mamacita
32,10,The Weeknd,Blinding Lights
32,11,Ava Max,Kings & Queens
32,12,Benjamin Biolay,Comment est ta peine ?
32,13,Tayc,N'y pense plus
32,14,Keen'v,Tahiti
32,15,Camélia Jordana,Facile
32,16,Banana,Stats
32,17,Hatik,Angela
32,18,Head Shoulders Knees & Toes,Stats
32,19,Julien Doré,La fièvre
32,20,Billie Eilish,my future
32,21,BTS,Filter
32,22,Ily,Stats
32,23,Breaking Me,Stats
32,24,Doja Cat,Say So
32,25,Bosh,Djomb
32,26,Tones and I,Dance Monkey
32,27,Amir,La fête
32,28,Wejdene,Anissa
32,29,Bilal Hassani,Dead Bae
32,30,Dadju,Grand Bain
32,31,Dua Lipa,Physical
32,32,Amel Bent,Jusqu'au bout
32,33,I Love You,Stats
32,34,Kaaris,NRV
32,35,Astronomia,Stats
32,36,Louane,Donne-moi ton Cœur
32,37,Grand Corps Malade,Mesdames
32,38,Dua Lipa,Break My Heart
32,39,Kill Me Slow,Stats
32,40,Kendji Girac,Habibi
32,41,SAINt JHN,Roses
32,42,Control,Stats
32,43,Ava Max,Who's Laughing Now
32,44,Powfu,Death Bed
32,45,La Meilleure,Stats
32,46,Summer Wine,Stats
32,47,Trois Cafés Gourmands,On t'emmène
32,48,Tusa,Stats
32,49,Beyoncé,Already
32,50,Daniela Andrade,Crazy
33,1,Master KG,Jerusalema
33,2,Jawsh 685,Savage Love (Laxed - Siren Beat)
33,3,Grand Corps Malade,Mais je t'aime
33,4,Indochine,Nos célébrations
33,5,Aya Nakamura,Jolie nana
33,6,Robin Schulz,Alane
33,7,The Weeknd,In Your Eyes
33,8,Black Eyed Peas,Mamacita
33,9,The Weeknd,Blinding Lights
33,10,Ava Max,Kings & Queens
33,11,Benjamin Biolay,Comment est ta peine ?
33,12,Tayc,N'y pense plus
33,13,Julien Doré,La fièvre
33,14,Camélia Jordana,Facile
33,15,Keen'v,Tahiti
33,16,Banana,Stats
33,17,Head Shoulders Knees & Toes,Stats
33,18,Hatik,Angela
33,19,BTS,Inner Child
33,20,Dua Lipa,Physical
33,21,Breaking Me,Stats
33,22,Dua Lipa,Break My Heart
33,23,Bosh,Djomb
33,24,Wap,Stats
33,25,Ily,Stats
33,26,Control,Stats
33,27,Louane,Donne-moi ton Cœur
33,28,Kygo,What's Love Got To Do With It
33,29,SAINt JHN,Roses
33,30,Doja Cat,Say So
33,31,Astronomia,Stats
33,32,Wejdene,Anissa
33,33,Amel Bent,Jusqu'au bout
33,34,I Love You,Stats
33,35,Tones and I,Dance Monkey
33,36,Amir,La fête
33,37,Grand Corps Malade,Mesdames
33,38,Powfu,Death Bed
33,39,Dadju,Grand Bain
33,40,Kendji Girac,Habibi
33,41,Tusa,Stats
33,42,La Meilleure,Stats
33,43,Maître Gims,"Malheur, Malheur"
33,44,Hypnotized,Stats
33,45,Trois Cafés Gourmands,On t'emmène
33,46,Alliel,Encore
33,47,Tom Gregory,Fingertips
33,48,Nea,Some Say
33,49,Claudio Capéo,C'est une chanson
33,50,Harry Styles,Watermelon Sugar
34,1,Master KG,Jerusalema
34,2,Jawsh 685,Savage Love (Laxed - Siren Beat)
34,3,Grand Corps Malade,Mais je t'aime
34,4,Indochine,Nos célébrations
34,5,Bande Organisée,Stats
34,6,Miley Cyrus,Midnight Sky
34,7,Robin Schulz,Alane
34,8,Aya Nakamura,Jolie nana
34,9,Ava Max,Kings & Queens
34,10,Camélia Jordana,Facile
34,11,The Weeknd,In Your Eyes
34,12,BTS,My Time
34,13,Black Eyed Peas,Mamacita
34,14,Head Shoulders Knees & Toes,Stats
34,15,Benjamin Biolay,Comment est ta peine ?
34,16,The Weeknd,Blinding Lights
34,17,Ça Ira,Stats
34,18,Julien Doré,La fièvre
34,19,Tayc,N'y pense plus
34,20,Banana,Stats
34,21,Keen'v,Tahiti
34,22,Dua Lipa,Levitating
34,23,Hatik,Angela
34,24,Breaking Me,Stats
34,25,Ily,Stats
34,26,Louane,Donne-moi ton Cœur
34,27,Wejdene,Anissa
34,28,Bosh,Djomb
34,29,Dua Lipa,Break My Heart
34,30,Amel Bent,Jusqu'au bout
34,31,Grand Corps Malade,Mesdames
34,32,Tones and I,Dance Monkey
34,33,Dua Lipa,Physical
34,34,Laugh Now Cry Later,Stats
34,35,I Love You,Stats
34,36,Astronomia,Stats
34,37,Doja Cat,Say So
34,38,SAINt JHN,Roses
34,39,Amir,La fête
34,40,Kygo,What's Love Got To Do With It
34,41,Dadju,Grand Bain
34,42,Control,Stats
34,43,Wap,Stats
34,44,Kylie Minogue,Say Something
34,45,Wejdene,Coco
34,46,Kendji Girac,Habibi
34,47,Harry Styles,Watermelon Sugar
34,48,Alliel,Encore
34,49,La Meilleure,Stats
34,50,Vitaa,Avant toi
35,1,BTS,Dynamite
35,2,Master KG,Jerusalema
35,3,Jawsh 685,Savage Love (Laxed - Siren Beat)
35,4,Grand Corps Malade,Mais je t'aime
35,5,Bande Organisée,Stats
35,6,Woodkid,Pale Yellow
35,7,Indochine,Nos célébrations
35,8,Vianney,beau-papa
35,9,The Weeknd,In Your Eyes
35,10,Robin Schulz,Alane
35,11,Head Shoulders Knees & Toes,Stats
35,12,Aya Nakamura,Jolie nana
35,13,Ava Max,Kings & Queens
35,14,Camélia Jordana,Facile
35,15,The Weeknd,Blinding Lights
35,16,Amel Bent,Jusqu'au bout
35,17,Tayc,N'y pense plus
35,18,Benjamin Biolay,Comment est ta peine ?
35,19,Black Eyed Peas,Mamacita
35,20,Julien Doré,La fièvre
35,21,Wejdene,Coco
35,22,Keen'v,Tahiti
35,23,Control,Stats
35,24,Dua Lipa,Break My Heart
35,25,Breaking Me,Stats
35,26,Banana,Stats
35,27,Bosh,Djomb
35,28,Astronomia,Stats
35,29,Ily,Stats
35,30,Kendji Girac,Habibi
35,31,London Grammar,Baby It's You
35,32,Dua Lipa,Physical
35,33,Louane,Donne-moi ton Cœur
35,34,Harry Styles,Watermelon Sugar
35,35,Hatik,Angela
35,36,Amir,La fête
35,37,Tones and I,Dance Monkey
35,38,Wejdene,Anissa
35,39,I Love You,Stats
35,40,Grand Corps Malade,Mesdames
35,41,Radiohead,Creep
35,42,Julien Doré,Barracuda II
35,43,Kygo,What's Love Got To Do With It
35,44,Dadju,Grand Bain
35,45,Doja Cat,Say So
35,46,SAINt JHN,Roses
35,47,Clean Bandit,Tick Tock
35,48,Save The Day,Stats
35,49,Hypnotized,Stats
35,50,Tom Gregory,Fingertips
36,1,Master KG,Jerusalema
36,2,BTS,Dynamite
36,3,Jawsh 685,Savage Love (Laxed - Siren Beat)
36,4,Bande Organisée,Stats
36,5,Indochine,Nos célébrations
36,6,Grand Corps Malade,Mais je t'aime
36,7,The Weeknd,In Your Eyes
36,8,Robin Schulz,Alane
36,9,Tayc,N'y pense plus
36,10,Ice Cream,Stats
36,11,Head Shoulders Knees & Toes,Stats
36,12,Julien Doré,La fièvre
36,13,Kendji Girac,Dernier métro
36,14,The Weeknd,Blinding Lights
36,15,Benjamin Biolay,Comment est ta peine ?
36,16,Camélia Jordana,Facile
36,17,Ava Max,Kings & Queens
36,18,Aya Nakamura,Jolie nana
36,19,Calogero,Les feux d'artifice
36,20,Control,Stats
36,21,Wejdene,Coco
36,22,Keen'v,Tahiti
36,23,Amel Bent,Jusqu'au bout
36,24,Julien Doré,Barracuda I
36,25,Black Eyed Peas,Mamacita
36,26,Breaking Me,Stats
36,27,Wap,Stats
36,28,Hatik,Angela
36,29,Harry Styles,Watermelon Sugar
36,30,Hypnotized,Stats
36,31,Amir,La fête
36,32,Banana,Stats
36,33,Louane,Donne-moi ton Cœur
36,34,Dua Lipa,Physical
36,35,Wejdene,Anissa
36,36,Francis Cabrel,Te ressembler
36,37,Vianney,beau-papa
36,38,Kygo,What's Love Got To Do With It
36,39,Tones and I,Dance Monkey
36,40,Dua Lipa,Break My Heart
36,41,Ily,Stats
36,42,Calvin Harris,Over Now
36,43,Be Mine Tonight,Stats
36,44,Le Coeur Holiday,Stats
36,45,Gregory Porter,Revival
36,46,Grand Corps Malade,Mesdames
36,47,Tom Gregory,Fingertips
36,48,Dadju,Grand Bain
36,49,Kanoé,Bizness
36,50,SAINt JHN,Roses
37,1,Master KG,Jerusalema
37,2,Bande Organisée,Stats
37,3,Jawsh 685,Savage Love (Laxed - Siren Beat)
37,4,Grand Corps Malade,Mais je t'aime
37,5,Julien Doré,La fièvre
37,6,Indochine,Nos célébrations
37,7,Head Shoulders Knees & Toes,Stats
37,8,The Weeknd,In Your Eyes
37,9,Robin Schulz,Alane
37,10,Tayc,N'y pense plus
37,11,Control,Stats
37,12,Restons Amis,Stats
37,13,Grégory Lemarchal,Écris l'histoire
37,14,The Weeknd,Blinding Lights
37,15,Bilal Hassani,Tom
37,16,Aya Nakamura,Jolie nana
37,17,Benjamin Biolay,Comment est ta peine ?
37,18,Keen'v,Tahiti
37,19,Black Eyed Peas,Mamacita
37,20,Wejdene,Coco
37,21,Louane,Donne-moi ton Cœur
37,22,Amel Bent,Jusqu'au bout
37,23,Camélia Jordana,Facile
37,24,Ava Max,Kings & Queens
37,25,Grégory Lemarchal,SOS d'un terrien en détresse
37,26,Wap,Stats
37,27,Grand Corps Malade,Mesdames
37,28,Breaking Me,Stats
37,29,Banana,Stats
37,30,Harry Styles,Watermelon Sugar
37,31,BTS,Dynamite
37,32,Julien Doré,Barracuda I
37,33,Amir,La fête
37,34,Kygo,What's Love Got To Do With It
37,35,Dua Lipa,Physical
37,36,Hypnotized,Stats
37,37,Ily,Stats
37,38,Tones and I,Dance Monkey
37,39,Dua Lipa,Break My Heart
37,40,Wejdene,Anissa
37,41,Gregory Porter,Revival
37,42,Billie Eilish,idontwannabeyouanymore
37,43,Vianney,beau-papa
37,44,Hatik,Angela
37,45,Popstar,Stats
37,46,Kendji Girac,Dernier métro
37,47,Lady Gaga,Shallow
37,48,Tom Gregory,Fingertips
37,49,Dadju,Grand Bain
37,50,Ava Max,Who's Laughing Now
38,1,Master KG,Jerusalema
38,2,Mylène Farmer,Coffret
38,3,Bande Organisée,Stats
38,4,Grand Corps Malade,Mais je t'aime
38,5,Jawsh 685,Savage Love (Laxed - Siren Beat)
38,6,David Guetta,Let's Love
38,7,Grand Corps Malade,Mesdames
38,8,Control,Stats
38,9,Indochine,Nos célébrations
38,10,Head Shoulders Knees & Toes,Stats
38,11,The Weeknd,In Your Eyes
38,12,Julien Doré,La fièvre
38,13,Naza,Joli Bébé
38,14,Hypnotized,Stats
38,15,The Weeknd,Blinding Lights
38,16,Benjamin Biolay,Comment est ta peine ?
38,17,Robin Schulz,Alane
38,18,Wejdene,Coco
38,19,Louane,Donne-moi ton Cœur
38,20,Vianney,beau-papa
38,21,Ava Max,Kings & Queens
38,22,Amel Bent,Jusqu'au bout
38,23,Camélia Jordana,Facile
38,24,Lucenzo,No me ama
38,25,Tayc,N'y pense plus
38,26,Grand Corps Malade,Derrière Le Brouillard
38,27,Aya Nakamura,Jolie nana
38,28,Pendant 24h,Stats
38,29,Kygo,What's Love Got To Do With It
38,30,Kendji Girac,Dernier métro
38,31,Wap,Stats
38,32,BTS,Dynamite
38,33,Adele,All I Ask
38,34,Julien Doré,Barracuda II
38,35,Mood,Stats
38,36,Blueberry Eyes,Stats
38,37,Wejdene,Anissa
38,38,Ray Dalton,In My Bones
38,39,Hatik,Angela
38,40,Keen'v,Tahiti
38,41,Harry Styles,Watermelon Sugar
38,42,Ava Max,Who's Laughing Now
38,43,Tom Gregory,Fingertips
38,44,Michael Kiwanuka,Cold Little Heart
38,45,Black Eyed Peas,Mamacita
38,46,Breaking Me,Stats
38,47,Banana,Stats
38,48,Asaf Avidan,Lost Horse
38,49,Oh My Gawd,Stats
38,50,Dua Lipa,Physical
39,1,Master KG,Jerusalema
39,2,Mylène Farmer,L'âme dans l'eau
39,3,Bande Organisée,Stats
39,4,Grand Corps Malade,Mais je t'aime
39,5,Jawsh 685,Savage Love (Laxed - Siren Beat)
39,6,BTS,Dynamite
39,7,Control,Stats
39,8,Mylène Farmer,Coffret
39,9,Grand Corps Malade,Mesdames
39,10,Naza,Joli Bébé
39,11,Head Shoulders Knees & Toes,Stats
39,12,Indochine,Nos célébrations
39,13,David Guetta,Let's Love
39,14,Ava Max,Kings & Queens
39,15,The Weeknd,In Your Eyes
39,16,The Weeknd,Blinding Lights
39,17,Julien Doré,La fièvre
39,18,Hypnotized,Stats
39,19,Benjamin Biolay,Comment est ta peine ?
39,20,Kygo,Hot Stuff
39,21,Justin Bieber,Holy
39,22,Vianney,beau-papa
39,23,Amel Bent,Jusqu'au bout
39,24,Lucenzo,No me ama
39,25,Louane,Donne-moi ton Cœur
39,26,Robin Schulz,Alane
39,27,Radiohead,Creep
39,28,Christophe Maé,L'ours
39,29,Mood,Stats
39,30,Kendji Girac,Dernier métro
39,31,Ava Max,Who's Laughing Now
39,32,Harry Styles,Watermelon Sugar
39,33,Wejdene,Coco
39,34,Ben Mazué,Quand je marche
39,35,Camélia Jordana,Facile
39,36,Vida Loca,Stats
39,37,Calogero,Celui d'en bas
39,38,Hatik,Angela
39,39,Keen'v,Tahiti
39,40,Dadju,Grand Bain
39,41,Patrick Fiori,J'y vais
39,42,Michael Kiwanuka,Cold Little Heart
39,43,Tayc,N'y pense plus
39,44,Kygo,What's Love Got To Do With It
39,45,Ray Dalton,In My Bones
39,46,Amir,La fête
39,47,Tom Gregory,Fingertips
39,48,Jason Derulo,Take You Dancing
39,49,Lady Gaga,Shallow
39,50,Breaking Me,Stats
40,1,Master KG,Jerusalema
40,2,Bande Organisée,Stats
40,3,Naza,Joli Bébé
40,4,M. Pokora,Si on disait
40,5,Grand Corps Malade,Mais je t'aime
40,6,Mylène Farmer,L'âme dans l'eau
40,7,Control,Stats
40,8,Indochine,Nos célébrations
40,9,Asaf Avidan,Lost Horse
40,10,Jawsh 685,Savage Love (Laxed - Siren Beat)
40,11,Grand Corps Malade,Mesdames
40,12,Hypnotized,Stats
40,13,Julien Doré,La fièvre
40,14,David Guetta,Let's Love
40,15,Vianney,beau-papa
40,16,The Weeknd,In Your Eyes
40,17,The Weeknd,Blinding Lights
40,18,Radiohead,Creep
40,19,Head Shoulders Knees & Toes,Stats
40,20,Amel Bent,Jusqu'au bout
40,21,Ava Max,Kings & Queens
40,22,Benjamin Biolay,Comment est ta peine ?
40,23,Kygo,Hot Stuff
40,24,Louane,Donne-moi ton Cœur
40,25,Kendji Girac,Dernier métro
40,26,BTS,Dynamite
40,27,Wejdene,Coco
40,28,La Meilleure,Stats
40,29,Kylie Minogue,Magic
40,30,Harry Styles,Watermelon Sugar
40,31,Ava Max,Who's Laughing Now
40,32,Dadju,Amour toxic
40,33,Mood,Stats
40,34,Pendant 24h,Stats
40,35,Sam Smith,Diamonds
40,36,Patrick Fiori,J'y vais
40,37,Camélia Jordana,Facile
40,38,Michael Kiwanuka,Cold Little Heart
40,39,Tayc,N'y pense plus
40,40,Robin Schulz,Alane
40,41,Kygo,What's Love Got To Do With It
40,42,Lucky Luke,Cooler Than Me
40,43,Hatik,Angela
40,44,Vida Loca,Stats
40,45,Tom Gregory,Fingertips
40,46,Dadju,Grand Bain
40,47,Ray Dalton,In My Bones
40,48,Pa' Ti,Stats
40,49,Ça Ira,Stats
40,50,Wejdene,Anissa
41,1,Master KG,Jerusalema
41,2,Jawsh 685,Savage Love (Laxed - Siren Beat)
41,3,Bande Organisée,Stats
41,4,Naza,Joli Bébé
41,5,Control,Stats
41,6,Grand Corps Malade,Mais je t'aime
41,7,Hypnotized,Stats
41,8,Indochine,Nos célébrations
41,9,Van Halen,Jump
41,10,David Guetta,Let's Love
41,11,Patrick Fiori,J'y vais
41,12,Billie Eilish,No Time To Die
41,13,Mylène Farmer,L'âme dans l'eau
41,14,The Weeknd,In Your Eyes
41,15,The Weeknd,Blinding Lights
41,16,Head Shoulders Knees & Toes,Stats
41,17,Vianney,beau-papa
41,18,Kygo,Hot Stuff
41,19,Amel Bent,Jusqu'au bout
41,20,Julien Doré,La fièvre
41,21,M. Pokora,Si on disait
41,22,Grand Corps Malade,Mesdames
41,23,Jean-Pierre Danel,Speed Limit
41,24,Blackpink,Lovesick Girls
41,25,Ça Ira,Stats
41,26,Kendji Girac,Dernier métro
41,27,Jean-Pierre Danel,Philippine's Smiles
41,28,Dreams,Stats
41,29,Benjamin Biolay,Comment est ta peine ?
41,30,La Meilleure,Stats
41,31,Asaf Avidan,Lost Horse
41,32,Josh Groban,You Raise Me Up
41,33,Louane,Donne-moi ton Cœur
41,34,Ava Max,Who's Laughing Now
41,35,BTS,Dynamite
41,36,AC/DC,Shot In The Dark
41,37,Harry Styles,Watermelon Sugar
41,38,Ray Dalton,In My Bones
41,39,Mappemonde,Stats
41,40,Vida Loca,Stats
41,41,Jean-Pierre Danel,Blue Nocturne
41,42,Ava Max,Kings & Queens
41,43,Camélia Jordana,Facile
41,44,Tayc,N'y pense plus
41,45,London Grammar,Californian Soil
41,46,Dillon,Thirteen Thirtyfive
41,47,This Incredible Fortune To Be Two,Stats
41,48,Robin Schulz,Alane
41,49,Hatik,Angela
41,50,Mood,Stats
42,1,Johnny Hallyday,Deux Sortes D'Hommes / Nashville Blues (live)
42,2,Johnny Hallyday,Deux Sortes D'Hommes / La Terre Promise (live)
42,3,Johnny Hallyday,Deux Sortes D'hommes / Tes Tendres Années (live)
42,4,Master KG,Jerusalema
42,5,Bande Organisée,Stats
42,6,Control,Stats
42,7,Dreams,Stats
42,8,Patrick Fiori,J'y vais
42,9,Naza,Joli Bébé
42,10,Hypnotized,Stats
42,11,Kendji Girac,Dernier métro
42,12,Indochine,Nos célébrations
42,13,Johnny Hallyday,Deux Sortes D'Hommes
42,14,Julien Doré,La fièvre
42,15,David Guetta,Let's Love
42,16,Je Suis Marseille,Stats
42,17,Jawsh 685,Savage Love (Laxed - Siren Beat)
42,18,Grand Corps Malade,Mais je t'aime
42,19,Billie Eilish,No Time To Die
42,20,AC/DC,Shot In The Dark
42,21,L'Étoile Sur Le Maillot,Stats
42,22,Aya Nakamura,Doudou
42,23,Kygo,Hot Stuff
42,24,The Weeknd,In Your Eyes
42,25,Head Shoulders Knees & Toes,Stats
42,26,Benjamin Biolay,Comment est ta peine ?
42,27,The Weeknd,Blinding Lights
42,28,Carla Bruni,quelque chose
42,29,Vianney,beau-papa
42,30,Myd,Together We Stand
42,31,Louane,Donne-moi ton Cœur
42,32,Amel Bent,Jusqu'au bout
42,33,BTS,Dynamite
42,34,M. Pokora,Si on disait
42,35,Mylène Farmer,L'âme dans l'eau
42,36,Kylie Minogue,Magic
42,37,Mood,Stats
42,38,Dadju,Dieu Merci
42,39,Kendji Girac,Dans Mes Bras
42,40,Van Halen,Jump
42,41,La Meilleure,Stats
42,42,Trois Cafés Gourmands,On t'emmène
42,43,Ava Max,Who's Laughing Now
42,44,Kendji Girac,Habibi
42,45,Vida Loca,Stats
42,46,Lucky Luke,Cooler Than Me
42,47,Harry Styles,Watermelon Sugar
42,48,Wejdene,Coco
42,49,Ava Max,Kings & Queens
42,50,C'est Maintenant,Stats
43,1,Master KG,Jerusalema
43,2,U2,One
43,3,Control,Stats
43,4,Bande Organisée,Stats
43,5,Johnny Hallyday,Deux Sortes D'hommes / Tes Tendres Années (live)
43,6,Johnny Hallyday,Deux Sortes D'Hommes / Nashville Blues (live)
43,7,Naza,Joli Bébé
43,8,Johnny Hallyday,Deux Sortes D'Hommes / La Terre Promise (live)
43,9,Hypnotized,Stats
43,10,David Guetta,Let's Love
43,11,BTS,Dynamite
43,12,Grand Corps Malade,Mais je t'aime
43,13,Vianney,beau-papa
43,14,Indochine,Nos célébrations
43,15,Dreams,Stats
43,16,Julien Doré,La fièvre
43,17,Kendji Girac,Dernier métro
43,18,Head Shoulders Knees & Toes,Stats
43,19,Jawsh 685,Savage Love (Laxed - Siren Beat)
43,20,Je Suis Marseille,Stats
43,21,The Weeknd,In Your Eyes
43,22,Amel Bent,Jusqu'au bout
43,23,Benjamin Biolay,Comment est ta peine ?
43,24,Under The Sky,Stats
43,25,Green Montana,Tout Gacher
43,26,Kygo,Hot Stuff
43,27,Francis Cabrel,Te ressembler
43,28,The Weeknd,Blinding Lights
43,29,Scarlet Pleasure,What A Life
43,30,Patrick Fiori,J'y vais
43,31,Justin Bieber,Lonely
43,32,Mood,Stats
43,33,Trois Cafés Gourmands,On t'emmène
43,34,Ava Max,Who's Laughing Now
43,35,M. Pokora,S'en aller
43,36,La Meilleure,Stats
43,37,BTS,Boy In Luv
43,38,Sia,Courage to Change
43,39,Christophe Maé,L'ours
43,40,Louane,Donne-moi ton Cœur
43,41,Ray Dalton,In My Bones
43,42,Amir,La fête
43,43,M. Pokora,Si on disait
43,44,Lucky Luke,Cooler Than Me
43,45,Aya Nakamura,Doudou
43,46,Harry Styles,Watermelon Sugar
43,47,Tones and I,Dance Monkey
43,48,Vida Loca,Stats
43,49,Calentita,Stats
43,50,Billie Eilish,No Time To Die
44,1,Master KG,Jerusalema
44,2,U2,One
44,3,Control,Stats
44,4,Louane,Donne-moi ton Cœur
44,5,Johnny Hallyday,Deux Sortes D'Hommes / La Terre Promise (live)
44,6,Johnny Hallyday,Deux Sortes D'Hommes / Nashville Blues (live)
44,7,Johnny Hallyday,Deux Sortes D'hommes / Tes Tendres Années (live)
44,8,Bande Organisée,Stats
44,9,Ariana Grande,positions
44,10,Vianney,beau-papa
44,11,Naza,Joli Bébé
44,12,David Guetta,Let's Love
44,13,BTS,Dynamite
44,14,Hypnotized,Stats
44,15,Dreams,Stats
44,16,Indochine,Nos célébrations
44,17,Grand Corps Malade,Mais je t'aime
44,18,Depeche Mode,Songs Of Faith And Devotion - The 12
44,19,Julien Doré,Nous
44,20,Kendji Girac,Dernier métro
44,21,Scarlet Pleasure,What A Life
44,22,Kygo,Hot Stuff
44,23,Head Shoulders Knees & Toes,Stats
44,24,Amel Bent,Jusqu'au bout
44,25,Je Suis Marseille,Stats
44,26,Julien Doré,La fièvre
44,27,The Weeknd,Blinding Lights
44,28,Jawsh 685,Savage Love (Laxed - Siren Beat)
44,29,Bruce Springsteen,One Minute You're Here
44,30,La Meilleure,Stats
44,31,The Weeknd,In Your Eyes
44,32,Ava Max,Who's Laughing Now
44,33,Dua Lipa,Levitating
44,34,Mood,Stats
44,35,Ray Dalton,In My Bones
44,36,Christophe Maé,L'ours
44,37,Benjamin Biolay,Comment est ta peine ?
44,38,Harry Styles,Watermelon Sugar
44,39,Shy'm,BOY
44,40,Quoi Qu'il Arrive,Stats
44,41,Trois Cafés Gourmands,On t'emmène
44,42,Aya Nakamura,Doudou
44,43,Bobby Vinton,Mr. Lonely
44,44,Pride,Stats
44,45,Francis Cabrel,Te ressembler
44,46,Little Mix,Sweet Melody
44,47,Patrick Fiori,J'y vais
44,48,Jason Derulo,Take You Dancing
44,49,KT Tunstall,Suddenly I See
44,50,M. Pokora,Si on disait
45,1,Master KG,Jerusalema
45,2,Control,Stats
45,3,Dua Lipa,Fever (avec Angèle)
45,4,Vianney,beau-papa
45,5,Patrick Fiori,J'y vais
45,6,David Guetta,Let's Love
45,7,Naza,Joli Bébé
45,8,Bande Organisée,Stats
45,9,U2,One
45,10,BTS,Dynamite
45,11,Louane,Donne-moi ton Cœur
45,12,Hypnotized,Stats
45,13,Amel Bent,"1,2,3 (avec Hatik)"
45,14,Grand Corps Malade,Mais je t'aime
45,15,Julien Doré,Nous
45,16,La Meilleure,Stats
45,17,Kendji Girac,Dernier métro
45,18,Kygo,Hot Stuff
45,19,Dreams,Stats
45,20,Depeche Mode,Songs Of Faith And Devotion - The 12
45,21,Dadju,Va dire à ton ex
45,22,Alain Bashung,Immortels
45,23,Dua Lipa,Levitating
45,24,Midnight Oil,The Makarrata Project
45,25,Francis Cabrel,Te ressembler
45,26,The Weeknd,In Your Eyes
45,27,Ava Max,Who's Laughing Now
45,28,Indochine,Nos célébrations
45,29,Julien Doré,La fièvre
45,30,Amel Bent,Jusqu'au bout
45,31,The Weeknd,Blinding Lights
45,32,Christophe Maé,L'ours
45,33,Benjamin Biolay,Comment est ta peine ?
45,34,Head Shoulders Knees & Toes,Stats
45,35,Ariana Grande,positions
45,36,Dadju,Elle Me Demande
45,37,Mood,Stats
45,38,Kylie Minogue,Magic
45,39,Aya Nakamura,Doudou
45,40,Vianney,N'attendons pas
45,41,Ray Dalton,In My Bones
45,42,Trois Cafés Gourmands,On t'emmène
45,43,Jawsh 685,Savage Love (Laxed - Siren Beat)
45,44,Jean-Louis Murat,Baby Love D.c.
45,45,Bobby Vinton,Mr. Lonely
45,46,Dadju,Amour toxic
45,47,Bruce Springsteen,One Minute You're Here
45,48,Dadju,Dieu Merci
45,49,Abba,Super Trouper
45,50,Harry Styles,Watermelon Sugar
46,1,Master KG,Jerusalema
46,2,Dua Lipa,Fever (avec Angèle)
46,3,Booba,5G
46,4,Vianney,beau-papa
46,5,Gims,Jusqu'ici Tout Va Bien
46,6,Control,Stats
46,7,BTS,Dynamite
46,8,Mylène Farmer,L'âme dans l'eau
46,9,David Guetta,Let's Love
46,10,Bande Organisée,Stats
46,11,Kendji Girac,Dernier métro
46,12,Julien Doré,Nous
46,13,Hypnotized,Stats
46,14,System Of A Down,Protect The Land
46,15,Patrick Fiori,J'y vais
46,16,Grand Corps Malade,Mais je t'aime
46,17,Mood,Stats
46,18,Kygo,Hot Stuff
46,19,Naza,Joli Bébé
46,20,La Meilleure,Stats
46,21,Dreams,Stats
46,22,Benjamin Biolay,Comment est ta peine ?
46,23,Louane,Donne-moi ton Cœur
46,24,Kylie Minogue,Magic
46,25,Julien Doré,La fièvre
46,26,The Weeknd,In Your Eyes
46,27,System Of A Down,Genocidal Humanoidz
46,28,Ray Dalton,In My Bones
46,29,Amel Bent,"1,2,3 (avec Hatik)"
46,30,Head Shoulders Knees & Toes,Stats
46,31,Gaël Faye,Respire
46,32,The Weeknd,Blinding Lights
46,33,Indochine,Nos célébrations
46,34,London Grammar,Californian Soil
46,35,Ava Max,Who's Laughing Now
46,36,Amel Bent,Jusqu'au bout
46,37,Trois Cafés Gourmands,On t'emmène
46,38,Harry Styles,Watermelon Sugar
46,39,Mariah Carey,All I Want For Christmas Is You
46,40,Christophe Maé,L'ours
46,41,Maluma,Hawái
46,42,a-ha,Take On Me
46,43,Ça Ira,Stats
46,44,Dua Lipa,Levitating
46,45,Jawsh 685,Savage Love (Laxed - Siren Beat)
46,46,Vida Loca,Stats
46,47,Dadju,Va dire à ton ex
46,48,Vianney,N'attendons pas
46,49,U2,One
46,50,Hervé,Si Bien Du Mal
47,1,Master KG,Jerusalema
47,2,Dua Lipa,Fever (avec Angèle)
47,3,Vianney,beau-papa
47,4,Control,Stats
47,5,Gims,Jusqu'ici Tout Va Bien
47,6,Billie Eilish,Therefore I Am
47,7,David Guetta,Let's Love
47,8,Hypnotized,Stats
47,9,Bande Organisée,Stats
47,10,Julien Doré,Nous
47,11,Naza,Joli Bébé
47,12,Grand Corps Malade,Mais je t'aime
47,13,Kendji Girac,Dernier métro
47,14,Mood,Stats
47,15,BTS,Dynamite
47,16,Benjamin Biolay,Comment est ta peine ?
47,17,Aya Nakamura,Plus Jamais
47,18,La Meilleure,Stats
47,19,Patrick Fiori,J'y vais
47,20,Kygo,Hot Stuff
47,21,AC/DC,Realize
47,22,Aya Nakamura,Doudou
47,23,Ray Dalton,In My Bones
47,24,Mariah Carey,All I Want For Christmas Is You
47,25,Kylie Minogue,Magic
47,26,Dreams,Stats
47,27,Mylène Farmer,L'âme dans l'eau
47,28,Ava Max,Who's Laughing Now
47,29,The Weeknd,Blinding Lights
47,30,Louane,Donne-moi ton Cœur
47,31,AC/DC,Shot In The Dark
47,32,Naza,Faut Pardonner
47,33,Indochine,Nos célébrations
47,34,The Weeknd,In Your Eyes
47,35,Amel Bent,Jusqu'au bout
47,36,Head Shoulders Knees & Toes,Stats
47,37,London Grammar,Californian Soil
47,38,Grand Corps Malade,Mesdames
47,39,Julien Doré,La fièvre
47,40,Aya Nakamura,Préféré
47,41,Vida Loca,Stats
47,42,Dua Lipa,Levitating
47,43,Tones and I,Dance Monkey
47,44,Harry Styles,Watermelon Sugar
47,45,Trois Cafés Gourmands,On t'emmène
47,46,Hervé,Si Bien Du Mal
47,47,Dadju,Dieu Merci
47,48,AC/DC,Highway To Hell
47,49,Jawsh 685,Savage Love (Laxed - Siren Beat)
47,50,Lucenzo,No me ama
48,1,BTS,Life Goes On
48,2,Master KG,Jerusalema
48,3,Dua Lipa,Fever (avec Angèle)
48,4,Vianney,beau-papa
48,5,Julien Doré,Nous
48,6,Control,Stats
48,7,BTS,Dynamite
48,8,Hypnotized,Stats
48,9,David Guetta,Let's Love
48,10,Bande Organisée,Stats
48,11,BTS,Blue & Grey
48,12,Miley Cyrus,Prisoner
48,13,Gims,Jusqu'ici Tout Va Bien
48,14,Manu Chao,La Vida Tombola
48,15,Billie Eilish,Therefore I Am
48,16,Mariah Carey,All I Want For Christmas Is You
48,17,Bird Of Prey Et La Fantabuleuse Histoire De Harley Quinn,Stats
48,18,Naza,Joli Bébé
48,19,Shawn Mendes,Monster
48,20,BTS,Fly To My Room
48,21,Indochine,3SEX
48,22,Julien Doré,La fièvre
48,23,BTS,Dis-ease
48,24,BTS,Telepathy
48,25,Ray Dalton,In My Bones
48,26,BTS,Stay
48,27,Kendji Girac,Dernier métro
48,28,Grand Corps Malade,Mais je t'aime
48,29,Mood,Stats
48,30,The Weeknd,Blinding Lights
48,31,Patrick Fiori,J'y vais
48,32,Kygo,Hot Stuff
48,33,Ava Max,Who's Laughing Now
48,34,Kylie Minogue,Magic
48,35,The Weeknd,In Your Eyes
48,36,Hervé,Si Bien Du Mal
48,37,Benjamin Biolay,Comment est ta peine ?
48,38,BTS,Skit
48,39,La Meilleure,Stats
48,40,Benjamin Biolay,Parc Fermé
48,41,Dreams,Stats
48,42,Claudio Capéo,E penso a te
48,43,Indochine,Nos célébrations
48,44,Aya Nakamura,Plus Jamais
48,45,Jawsh 685,Savage Love (Laxed - Siren Beat)
48,46,Aya Nakamura,Doudou
48,47,Louane,Donne-moi ton Cœur
48,48,Kavinsky,Nightcall
48,49,Ava Max,My Head & My Heart
48,50,Jean-Pierre Danel,Guitar Safari
49,1,Master KG,Jerusalema
49,2,Dua Lipa,Fever (avec Angèle)
49,3,Indochine,3SEX
49,4,Vianney,beau-papa
49,5,Mariah Carey,All I Want For Christmas Is You
49,6,Julien Doré,Nous
49,7,Control,Stats
49,8,Hypnotized,Stats
49,9,Richard Cocciante,Il Mio Rifugio
49,10,David Guetta,Let's Love
49,11,Gims,Jusqu'ici Tout Va Bien
49,12,Kygo,Hot Stuff
49,13,Manu Chao,La Vida Tombola
49,14,Bande Organisée,Stats
49,15,BTS,Dynamite
49,16,Billie Eilish,Therefore I Am
49,17,BTS,Life Goes On
49,18,Patrick Fiori,J'y vais
49,19,Indochine,Nos célébrations
49,20,Britney Spears,Swimming In The Stars
49,21,Mood,Stats
49,22,Julien Doré,La fièvre
49,23,The Weeknd,In Your Eyes
49,24,Naza,Joli Bébé
49,25,Kendji Girac,Dernier métro
49,26,Rodrigo,La Mano De Dios
49,27,Grand Corps Malade,Mais je t'aime
49,28,Last Christmas,Stats
49,29,The Weeknd,Blinding Lights
49,30,Kylie Minogue,Magic
49,31,Ben Mazué,Quand je marche
49,32,Anne Sylvestre,Les Gens Qui Doutent
49,33,Claudio Capéo,E penso a te
49,34,Bird Of Prey Et La Fantabuleuse Histoire De Harley Quinn,Stats
49,35,Billie Eilish,No Time To Die
49,36,Miley Cyrus,Prisoner
49,37,1917,Stats
49,38,Louane,Donne-moi ton Cœur
49,39,Johnny Hallyday,Deux Sortes D'hommes / Tes Tendres Années (live)
49,40,Ray Dalton,In My Bones
49,41,Grand Corps Malade,Mesdames
49,42,Kaleo,Way Down We Go
49,43,Benjamin Biolay,Comment est ta peine ?
49,44,Claudio Capéo,Ti amo
49,45,La Meilleure,Stats
49,46,Vald,Gotaga
49,47,Dua Lipa,Levitating
49,48,Tones and I,Dance Monkey
49,49,Fally Ipupa,Likolo
49,50,Johnny Hallyday,Deux Sortes D'Hommes / La Terre Promise (live)
50,1,Mylène Farmer,L'âme dans l'eau
50,2,Dua Lipa,Fever (avec Angèle)
50,3,Total Recall * 4k Ultra Hd + Blu-ray,Stats
50,4,Mariah Carey,All I Want For Christmas Is You
50,5,Gims,Jusqu'ici Tout Va Bien
50,6,Master KG,Jerusalema
50,7,Noir Désir,Imbécile
50,8,Vianney,beau-papa
50,9,Julien Doré,Nous
50,10,David Guetta,Let's Love
50,11,Grand Corps Malade,Mais je t'aime
50,12,Indochine,3SEX
50,13,The Weeknd,Blinding Lights
50,14,1917,Stats
50,15,Control,Stats
50,16,Grand Corps Malade,Mesdames
50,17,Hypnotized,Stats
50,18,Kendji Girac,Dernier métro
50,19,Indochine,Nos célébrations
50,20,Eva,Coeur Noir
50,21,Dua Lipa,Levitating
50,22,Terrenoire,Jusqu'À Mon Dernier Souffle
50,23,JSX,Pompeii
50,24,Larusso,Tous Les Cris Les S.O.S
50,25,Bande Organisée,Stats
50,26,Coffret James Bond / Daniel Craig,Stats
50,27,Julien Doré,La fièvre
50,28,Amel Bent,Jusqu'au bout
50,29,Coldplay,Christmas Lights (vinyle Bleu)
50,30,BTS,Dynamite
50,31,M. Pokora,Si on disait
50,32,Dua Lipa,Physical
50,33,Benjamin Biolay,Comment est ta peine ?
50,34,Kygo,Hot Stuff
50,35,David Guetta,Dreams
50,36,Patrick Fiori,J'y vais
50,37,Mariah Carey,Oh Santa!
50,38,Louane,Donne-moi ton Cœur
50,39,Britney Spears,Swimming In The Stars
50,40,Last Christmas,Stats
50,41,Calogero,Celui d'en bas
50,42,Sia,Courage to Change
50,43,The Weeknd,In Your Eyes
50,44,Vitaa,Avant toi
50,45,Kylie Minogue,Magic
50,46,Divers,Kubrick - 3 Films - 4k
50,47,Black Eyed Peas,Girl Like Me
50,48,Mood,Stats
50,49,Johnny Hallyday,Deux Sortes D'Hommes / La Terre Promise (live)
50,50,Camille Lellouche,Je remercie mon ex
51,1,Johnny Hallyday,Le cour en deux
51,2,Mariah Carey,All I Want For Christmas Is You
51,3,Dua Lipa,Fever (avec Angèle)
51,4,Master KG,Jerusalema
51,5,Grand Corps Malade,Pas essentiel
51,6,Julien Doré,Nous
51,7,Vianney,beau-papa
51,8,Indochine,3SEX
51,9,Benjamin Biolay,Grand prix
51,10,Gims,Jusqu'ici Tout Va Bien
51,11,Kendji Girac,Dernier métro
51,12,Grand Corps Malade,Mais je t'aime
51,13,Indochine,Nos célébrations
51,14,David Guetta,Let's Love
51,15,Grand Corps Malade,Mesdames
51,16,Mother Fuck,Stats
51,17,Kimberose,Back On My Feet
51,18,The Weeknd,Blinding Lights
51,19,Benjamin Biolay,Comment est ta peine ?
51,20,Total Recall * 4k Ultra Hd + Blu-ray,Stats
51,21,Hypnotized,Stats
51,22,Taylor Swift,willow
51,23,Woodkid,Horizons Into Battlegrounds
51,24,Julien Doré,La fièvre
51,25,Amir,La fête
51,26,Patrick Fiori,J'y vais
51,27,Terrenoire,Jusqu'À Mon Dernier Souffle
51,28,BTS,Dynamite
51,29,Lous and The Yakuza,Dilemme
51,30,Last Christmas,Stats
51,31,Control,Stats
51,32,Dua Lipa,Levitating
51,33,Bande Organisée,Stats
51,34,Benjamin Biolay,Rue Saint-Louis en l’Île
51,35,Julien Clerc,Mon refuge
51,36,Benjamin Biolay,Ton héritage
51,37,1917,Stats
51,38,Indochine,L'aventurier
51,39,Kylie Minogue,Magic
51,40,Britney Spears,Matches
51,41,Sia,Courage to Change
51,42,Calogero,Celui d'en bas
51,43,Johnny Hallyday,Deux Sortes D'hommes / Tes Tendres Années (live)
51,44,Black Eyed Peas,Girl Like Me
51,45,Indochine,J'ai demandé à la lune
51,46,The Weeknd,In Your Eyes
51,47,Johnny Hallyday,Deux Sortes D'Hommes / Nashville Blues (live)
51,48,Ca,Stats
51,49,Mylène Farmer,L'âme dans l'eau
51,50,Mood,Stats
